タイトル,リンク
各政党の外国人政策 規制か共生か,https://news.yahoo.co.jp/pickup/6544454
悪石島の避難者 ゆっくり眠れる,https://news.yahoo.co.jp/pickup/6544459
学習態度を評定枠外に 文科省検討,https://news.yahoo.co.jp/pickup/6544463
3歳が臓器破裂して失血死 父逮捕,https://news.yahoo.co.jp/pickup/6544462
小4が殴られ難聴に 転校余儀なく,https://news.yahoo.co.jp/pickup/6544445
「唐揚げ1個」で批判 給食改善へ,https://news.yahoo.co.jp/pickup/6544460
冨安健洋 アーセナルと契約解除,https://news.yahoo.co.jp/pickup/6544451
菜々緒 あえて白髪を染めず撮影,https://news.yahoo.co.jp/pickup/6544455
3歳が臓器破裂して失血死 父逮捕,https://news.yahoo.co.jp/pickup/6544462
